"_id","createDate","permissionid","roleid"
"5ed3685ce44500006e0021ea","1/1/1970 00:00:00","5ed36309e44500006e0021e2","5e79aeb6e246000046007562"
"5ed36873e44500006e0021eb","1/1/1970 00:00:00","5ed36526e44500006e0021e4","5e79aeb6e246000046007562"
"5ed3687ee44500006e0021ec","1/1/1970 00:00:00","5ed366b7e44500006e0021e5","5e79aeb6e246000046007562"
"5ed36894e44500006e0021ed","1/1/1970 00:00:00","5ed366f2e44500006e0021e6","5e79aeb6e246000046007562"
"5ed368a0e44500006e0021ee","1/1/1970 00:00:00","5ed36729e44500006e0021e7","5e79aeb6e246000046007562"
"5ed368ace44500006e0021ef","1/1/1970 00:00:00","5ed36761e44500006e0021e8","5e79aeb6e246000046007562"
"5ed368b7e44500006e0021f0","1/1/1970 00:00:00","5ed3679ee44500006e0021e9","5e79aeb6e246000046007562"
"5ed3826de44500006e0021f8","1/1/1970 00:00:00","5ed37390e44500006e0021f2","5e79aeb6e246000046007562"
"5ed3827ae44500006e0021f9","1/1/1970 00:00:00","5ed37413e44500006e0021f3","5e79aeb6e246000046007562"
"5ed38287e44500006e0021fa","1/1/1970 00:00:00","5ed37448e44500006e0021f4","5e79aeb6e246000046007562"
"5ed382bde44500006e0021fb","1/1/1970 00:00:00","5ed375bfe44500006e0021f6","5e79aeb6e246000046007562"
"5ed382d2e44500006e0021fc","1/1/1970 00:00:00","5ed37614e44500006e0021f7","5e79aeb6e246000046007562"
"5ed39273e44500006e002200","1/1/1970 00:00:00","5ed38662e44500006e0021fe","5e79aeb6e246000046007562"
"5ed3971fe44500006e002201","1/1/1970 00:00:00","5ed38669e44500006e0021ff","5e79aeb6e246000046007562"
"5ed3cfba31e94f6b33f388ee","31/5/2020 15:39:38.074","5ed38662e44500006e0021fe","5e79b09be246000046007564"
"5ed3cfba31e94f6b33f388ef","31/5/2020 15:39:38.078","5ed38669e44500006e0021ff","5e79b09be246000046007564"
"5ed73a772927b3333ee5350e","3/6/2020 05:51:51.276","5ed38662e44500006e0021fe","5e79af8be246000046007563"
"5ed73a772927b3333ee5350f","3/6/2020 05:51:51.279","5ed38669e44500006e0021ff","5e79af8be246000046007563"
