"_id","account","createtime","name","password","roleid","salt","sex","status","usestoragesize"
"5e79b1c6e246000046007565","admin","24/3/2020 15:00:00","三号元素","600c849881fb596aacc5717f29f6081a","5e79aeb6e246000046007562","abcde","男","enable","1104775617"
"5e79b23de246000046007566","third_e@qq.com","24/3/2020 00:00:00","普通用户","66b1fa687a5e53b9be5a6511f2d82bb5","5e79af8be246000046007563","edcba","男","enable","21474836480"
"5e79b284e246000046007567","third_e@163.com","24/3/2020 00:00:00","付费用户","29e67c9412bd79cbef8ea29a821dadf5","5e79b09be246000046007564","aaabb","男","enable","81623136"
"5e9d2956c827e733b178ae54","test1","20/4/2020 04:47:18.867","系统展示","9f75071aeb8524d6ff8bb046be6692df","5e79af8be246000046007563","0zkxk","男","enable","430224696"
"5e9d3d3f8f173135d4bd4c7f","user","20/4/2020 06:12:14.98","用户2","a2c64266bbe641c90b55a89ba9643e36","5e79b09be246000046007564","0iag4","男","enable","0"
"5ea7f7d2372a423c1414fb8c","test2","28/4/2020 09:30:58.367","测试管理员添加","2442b047f0799087f99f17fcac35426e","5e79af8be246000046007563","5q6hh","男","enable","0"
"5ea7fb87c58e6b26736078eb","test3","28/4/2020 09:46:47.825","大是大非","e6ec83f11788ab71f26b6c6a1045c527","5e79af8be246000046007563","isv1s","男","disable","0"
"5ea8f95067476430e8ab8091","test4","29/4/2020 03:49:36.128","哈哈","30ad24ea90364bd97f20484a04d9fa12","5e79af8be246000046007563","jvfoa","男","enable","0"
"5ea8fbb42b02f61738372061","test5","29/4/2020 03:59:48.37",,"4ddad3d1c58e83831eb9b78d17871b28","5e79af8be246000046007563","3rja1",,"disable","0"
"5eb52147b8f6fa7b7b12d688","test123","8/5/2020 09:07:18.975","我是修改名字","d38c2c4f1bb4ff8632202d08fd56e322","5e79b09be246000046007564","cgqg8","男","delete","8403693"
"5ed0d2c096b2a706dcf98686","abc","29/5/2020 09:15:44.802","展示","ebfb632bd6dc86e0568f477a0afce2d7","5e79af8be246000046007563","llzk9","男","delete","0"
"5ed13fa568bb5278b9137bdf","abc","29/5/2020 17:00:21.11","啊啊啊","53b8b4b64bdc8717df219b3e8f6e8970","5e79b09be246000046007564","bbrca","男","enable","0"
"5ed1ffdbb749240186ae9c40","aa","30/5/2020 06:40:27.466","aa","15124ecb5b1db00bb2926429a2811e7e","5e79af8be246000046007563","scqm9","男","delete","0"
"5ed745dd2927b3333ee53511","aa","3/6/2020 06:40:29.121","看看","6d2988eb372d34d577effa9ad6b5d1d9","5e79af8be246000046007563","lyo5n","男","delete","0"
